|||Sütunlar|
Satırlar|||Tüketici Madde Fiyatları (2003=100)|
|||Türkiye-TR|
||||
2005|01-Ocak|0122101. (Su)|0.3165|
||0451001. (Elektrik Ücreti)|0.1574|
||0452101. (Doğal Gaz)|0.406|
||0830009. (İnternet Ücreti)|13.6864|
|02-Şubat|0122101. (Su)|0.3144|
||0451001. (Elektrik Ücreti)|0.1573|
||0452101. (Doğal Gaz)|0.4049|
||0830009. (İnternet Ücreti)|13.6917|
|03-Mart|0122101. (Su)|0.3172|
||0451001. (Elektrik Ücreti)|0.1574|
||0452101. (Doğal Gaz)|0.4236|
||0830009. (İnternet Ücreti)|13.6917|
|04-Nisan|0122101. (Su)|0.32|
||0451001. (Elektrik Ücreti)|0.16|
||0452101. (Doğal Gaz)|0.42|
||0830009. (İnternet Ücreti)|13.9496|
|05-Mayıs|0122101. (Su)|0.3158|
||0451001. (Elektrik Ücreti)|0.1574|
||0452101. (Doğal Gaz)|0.4242|
||0830009. (İnternet Ücreti)|14.2074|
|06-Haziran|0122101. (Su)|0.3109|
||0451001. (Elektrik Ücreti)|0.1574|
||0452101. (Doğal Gaz)|0.4258|
||0830009. (İnternet Ücreti)|14.7099|
|07-Temmuz|0122101. (Su)|0.3135|
||0451001. (Elektrik Ücreti)|0.1574|
||0452101. (Doğal Gaz)|0.4472|
||0830009. (İnternet Ücreti)|14.3048|
|08-Ağustos|0122101. (Su)|0.3101|
||0451001. (Elektrik Ücreti)|0.1574|
||0452101. (Doğal Gaz)|0.4474|
||0830009. (İnternet Ücreti)|14.2357|
|09-Eylül|0122101. (Su)|0.3182|
||0451001. (Elektrik Ücreti)|0.1574|
||0452101. (Doğal Gaz)|0.4672|
||0830009. (İnternet Ücreti)|13.5793|
|10-Ekim|0122101. (Su)|0.3159|
||0451001. (Elektrik Ücreti)|0.1574|
||0452101. (Doğal Gaz)|0.4675|
||0830009. (İnternet Ücreti)|13.0636|
|11-Kasım|0122101. (Su)|0.3184|
||0451001. (Elektrik Ücreti)|0.1574|
||0452101. (Doğal Gaz)|0.4878|
||0830009. (İnternet Ücreti)|13.0636|
|12-Aralık|0122101. (Su)|0.3215|
||0451001. (Elektrik Ücreti)|0.1574|
||0452101. (Doğal Gaz)|0.4878|
||0830009. (İnternet Ücreti)|11.3426|
2006|01-Ocak|0122101. (Su)|0.32|
||0451001. (Elektrik Ücreti)|0.16|
||0452101. (Doğal Gaz)|0.49|
||0830009. (İnternet Ücreti)|76.43|
|02-Şubat|0122101. (Su)|0.3285|
||0451001. (Elektrik Ücreti)|0.1574|
||0452101. (Doğal Gaz)|0.4841|
||0830009. (İnternet Ücreti)|76.4334|
|03-Mart|0122101. (Su)|0.329|
||0451001. (Elektrik Ücreti)|0.1574|
||0452101. (Doğal Gaz)|0.5127|
||0830009. (İnternet Ücreti)|77.4654|
|04-Nisan|0122101. (Su)|0.33|
||0451001. (Elektrik Ücreti)|0.1574|
||0452101. (Doğal Gaz)|0.5127|
||0830009. (İnternet Ücreti)|77.4654|
|05-Mayıs|0122101. (Su)|0.3308|
||0451001. (Elektrik Ücreti)|0.1574|
||0452101. (Doğal Gaz)|0.5154|
||0830009. (İnternet Ücreti)|77.4654|
|06-Haziran|0122101. (Su)|0.3321|
||0451001. (Elektrik Ücreti)|0.1574|
||0452101. (Doğal Gaz)|0.5365|
||0830009. (İnternet Ücreti)|78.2324|
|07-Temmuz|0122101. (Su)|0.3337|
||0451001. (Elektrik Ücreti)|0.1574|
||0452101. (Doğal Gaz)|0.5436|
||0830009. (İnternet Ücreti)|78.2324|
|08-Ağustos|0122101. (Su)|0.3386|
||0451001. (Elektrik Ücreti)|0.1574|
||0452101. (Doğal Gaz)|0.5763|
||0830009. (İnternet Ücreti)|78.2324|
|09-Eylül|0122101. (Su)|0.347|
||0451001. (Elektrik Ücreti)|0.1574|
||0452101. (Doğal Gaz)|0.5769|
||0830009. (İnternet Ücreti)|70.7688|
|10-Ekim|0122101. (Su)|0.3469|
||0451001. (Elektrik Ücreti)|0.1574|
||0452101. (Doğal Gaz)|0.5769|
||0830009. (İnternet Ücreti)|70.7688|
|11-Kasım|0122101. (Su)|0.3494|
||0451001. (Elektrik Ücreti)|0.1574|
||0452101. (Doğal Gaz)|0.6136|
||0830009. (İnternet Ücreti)|70.7688|
|12-Aralık|0122101. (Su)|0.3528|
||0451001. (Elektrik Ücreti)|0.1574|
||0452101. (Doğal Gaz)|0.6134|
||0830009. (İnternet Ücreti)|70.7688|
2007|01-Ocak|0122101. (Su)|0.2043|
||0451001. (Elektrik Ücreti)|0.1574|
||0452101. (Doğal Gaz)|0.6097|
||0830009. (İnternet Ücreti)|78.1663|
|02-Şubat|0122101. (Su)|0.2067|
||0451001. (Elektrik Ücreti)|0.1573|
||0452101. (Doğal Gaz)|0.6097|
||0830009. (İnternet Ücreti)|78.1663|
|03-Mart|0122101. (Su)|0.2094|
||0451001. (Elektrik Ücreti)|0.1573|
||0452101. (Doğal Gaz)|0.6097|
||0830009. (İnternet Ücreti)|78.1663|
|04-Nisan|0122101. (Su)|0.2124|
||0451001. (Elektrik Ücreti)|0.1573|
||0452101. (Doğal Gaz)|0.6097|
||0830009. (İnternet Ücreti)|69.529|
|05-Mayıs|0122101. (Su)|0.2128|
||0451001. (Elektrik Ücreti)|0.1573|
||0452101. (Doğal Gaz)|0.6097|
||0830009. (İnternet Ücreti)|69.529|
|06-Haziran|0122101. (Su)|0.214|
||0451001. (Elektrik Ücreti)|0.1573|
||0452101. (Doğal Gaz)|0.6097|
||0830009. (İnternet Ücreti)|69.529|
|07-Temmuz|0122101. (Su)|0.2188|
||0451001. (Elektrik Ücreti)|0.1573|
||0452101. (Doğal Gaz)|0.6097|
||0830009. (İnternet Ücreti)|69.529|
|08-Ağustos|0122101. (Su)|0.2221|
||0451001. (Elektrik Ücreti)|0.1573|
||0452101. (Doğal Gaz)|0.6097|
||0830009. (İnternet Ücreti)|60.8918|
|09-Eylül|0122101. (Su)|0.2266|
||0451001. (Elektrik Ücreti)|0.1573|
||0452101. (Doğal Gaz)|0.6119|
||0830009. (İnternet Ücreti)|60.8918|
|10-Ekim|0122101. (Su)|0.2278|
||0451001. (Elektrik Ücreti)|0.1573|
||0452101. (Doğal Gaz)|0.6119|
||0830009. (İnternet Ücreti)|60.8918|
|11-Kasım|0122101. (Su)|0.2295|
||0451001. (Elektrik Ücreti)|0.1573|
||0452101. (Doğal Gaz)|0.6116|
||0830009. (İnternet Ücreti)|60.8918|
|12-Aralık|0122101. (Su)|0.2301|
||0451001. (Elektrik Ücreti)|0.1573|
||0452101. (Doğal Gaz)|0.6098|
||0830009. (İnternet Ücreti)|60.8918|
2008|01-Ocak|0122101. (Su)|0.2488|
||0451001. (Elektrik Ücreti)|0.1876|
||0452101. (Doğal Gaz)|0.6584|
||0830009. (İnternet Ücreti)|62.0471|
|02-Şubat|0122101. (Su)|0.2511|
||0451001. (Elektrik Ücreti)|0.1874|
||0452101. (Doğal Gaz)|0.6585|
||0830009. (İnternet Ücreti)|62.0471|
|03-Mart|0122101. (Su)|0.2546|
||0451001. (Elektrik Ücreti)|0.1874|
||0452101. (Doğal Gaz)|0.6597|
||0830009. (İnternet Ücreti)|62.0471|
|04-Nisan|0122101. (Su)|0.2574|
||0451001. (Elektrik Ücreti)|0.1874|
||0452101. (Doğal Gaz)|0.6634|
||0830009. (İnternet Ücreti)|62.0471|
|05-Mayıs|0122101. (Su)|0.2595|
||0451001. (Elektrik Ücreti)|0.1874|
||0452101. (Doğal Gaz)|0.6665|
||0830009. (İnternet Ücreti)|62.0471|
|06-Haziran|0122101. (Su)|0.2649|
||0451001. (Elektrik Ücreti)|0.1874|
||0452101. (Doğal Gaz)|0.7196|
||0830009. (İnternet Ücreti)|62.0471|
|07-Temmuz|0122101. (Su)|0.2687|
||0451001. (Elektrik Ücreti)|0.2247|
||0452101. (Doğal Gaz)|0.7194|
||0830009. (İnternet Ücreti)|62.0471|
|08-Ağustos|0122101. (Su)|0.27|
||0451001. (Elektrik Ücreti)|0.2221|
||0452101. (Doğal Gaz)|0.8423|
||0830009. (İnternet Ücreti)|62.0471|
|09-Eylül|0122101. (Su)|0.272|
||0451001. (Elektrik Ücreti)|0.2221|
||0452101. (Doğal Gaz)|0.8426|
||0830009. (İnternet Ücreti)|62.0471|
|10-Ekim|0122101. (Su)|0.2719|
||0451001. (Elektrik Ücreti)|0.2424|
||0452101. (Doğal Gaz)|0.8778|
||0830009. (İnternet Ücreti)|62.0471|
|11-Kasım|0122101. (Su)|0.2735|
||0451001. (Elektrik Ücreti)|0.2424|
||0452101. (Doğal Gaz)|1.0689|
||0830009. (İnternet Ücreti)|62.0471|
|12-Aralık|0122101. (Su)|0.2748|
||0451001. (Elektrik Ücreti)|0.2424|
||0452101. (Doğal Gaz)|1.0737|
||0830009. (İnternet Ücreti)|62.0471|
2009|01-Ocak|0122101. (Su)|0.2777|
||0451001. (Elektrik Ücreti)|0.2447|
||0452101. (Doğal Gaz)|1.0713|
||0830009. (İnternet Ücreti)|33.9121|
|02-Şubat|0122101. (Su)|0.279|
||0451001. (Elektrik Ücreti)|0.2447|
||0452101. (Doğal Gaz)|0.9051|
||0830009. (İnternet Ücreti)|33.9121|
|03-Mart|0122101. (Su)|0.2794|
||0451001. (Elektrik Ücreti)|0.2447|
||0452101. (Doğal Gaz)|0.9112|
||0830009. (İnternet Ücreti)|31.3543|
|04-Nisan|0122101. (Su)|0.2801|
||0451001. (Elektrik Ücreti)|0.2408|
||0452101. (Doğal Gaz)|0.9144|
||0830009. (İnternet Ücreti)|31.3543|
|05-Mayıs|0122101. (Su)|0.2808|
||0451001. (Elektrik Ücreti)|0.2409|
||0452101. (Doğal Gaz)|0.7146|
||0830009. (İnternet Ücreti)|31.3543|
|06-Haziran|0122101. (Su)|0.2817|
||0451001. (Elektrik Ücreti)|0.2409|
||0452101. (Doğal Gaz)|0.7142|
||0830009. (İnternet Ücreti)|31.3543|
|07-Temmuz|0122101. (Su)|0.2826|
||0451001. (Elektrik Ücreti)|0.2409|
||0452101. (Doğal Gaz)|0.7135|
||0830009. (İnternet Ücreti)|31.3543|
|08-Ağustos|0122101. (Su)|0.2817|
||0451001. (Elektrik Ücreti)|0.2409|
||0452101. (Doğal Gaz)|0.7133|
||0830009. (İnternet Ücreti)|31.3543|
|09-Eylül|0122101. (Su)|0.2816|
||0451001. (Elektrik Ücreti)|0.2409|
||0452101. (Doğal Gaz)|0.712|
||0830009. (İnternet Ücreti)|31.3543|
|10-Ekim|0122101. (Su)|0.2816|
||0451001. (Elektrik Ücreti)|0.2643|
||0452101. (Doğal Gaz)|0.7122|
||0830009. (İnternet Ücreti)|31.3543|
|11-Kasım|0122101. (Su)|0.282|
||0451001. (Elektrik Ücreti)|0.2643|
||0452101. (Doğal Gaz)|0.7126|
||0830009. (İnternet Ücreti)|31.3543|
|12-Aralık|0122101. (Su)|0.283|
||0451001. (Elektrik Ücreti)|0.2643|
||0452101. (Doğal Gaz)|0.7125|
||0830009. (İnternet Ücreti)|31.3543|
2010|01-Ocak|0122101. (Su)|0.2836|
||0451001. (Elektrik Ücreti)|0.2672|
||0452101. (Doğal Gaz)|0.7119|
||0830009. (İnternet Ücreti)|57.0225|
|02-Şubat|0122101. (Su)|0.2836|
||0451001. (Elektrik Ücreti)|0.2672|
||0452101. (Doğal Gaz)|0.7123|
||0830009. (İnternet Ücreti)|57.0225|
|03-Mart|0122101. (Su)|0.2843|
||0451001. (Elektrik Ücreti)|0.2672|
||0452101. (Doğal Gaz)|0.7129|
||0830009. (İnternet Ücreti)|57.0225|
|04-Nisan|0122101. (Su)|0.285|
||0451001. (Elektrik Ücreti)|0.2672|
||0452101. (Doğal Gaz)|0.7176|
||0830009. (İnternet Ücreti)|57.0225|
|05-Mayıs|0122101. (Su)|0.2848|
||0451001. (Elektrik Ücreti)|0.2672|
||0452101. (Doğal Gaz)|0.7155|
||0830009. (İnternet Ücreti)|57.0225|
|06-Haziran|0122101. (Su)|0.2839|
||0451001. (Elektrik Ücreti)|0.2672|
||0452101. (Doğal Gaz)|0.717|
||0830009. (İnternet Ücreti)|57.0225|
|07-Temmuz|0122101. (Su)|0.2849|
||0451001. (Elektrik Ücreti)|0.2672|
||0452101. (Doğal Gaz)|0.7173|
||0830009. (İnternet Ücreti)|57.0225|
|08-Ağustos|0122101. (Su)|0.2857|
||0451001. (Elektrik Ücreti)|0.2672|
||0452101. (Doğal Gaz)|0.7168|
||0830009. (İnternet Ücreti)|57.0225|
|09-Eylül|0122101. (Su)|0.2857|
||0451001. (Elektrik Ücreti)|0.2672|
||0452101. (Doğal Gaz)|0.7158|
||0830009. (İnternet Ücreti)|57.0225|
|10-Ekim|0122101. (Su)|0.2859|
||0451001. (Elektrik Ücreti)|0.2672|
||0452101. (Doğal Gaz)|0.7165|
||0830009. (İnternet Ücreti)|57.0225|
|11-Kasım|0122101. (Su)|0.2863|
||0451001. (Elektrik Ücreti)|0.2672|
||0452101. (Doğal Gaz)|0.7159|
||0830009. (İnternet Ücreti)|57.0225|
|12-Aralık|0122101. (Su)|0.2875|
||0451001. (Elektrik Ücreti)|0.2672|
||0452101. (Doğal Gaz)|0.7163|
||0830009. (İnternet Ücreti)|57.0225|
2011|01-Ocak|0122101. (Su)|0.2927|
||0451001. (Elektrik Ücreti)|0.2665|
||0452101. (Doğal Gaz)|0.7175|
||0830009. (İnternet Ücreti)|37.009|
|02-Şubat|0122101. (Su)|0.2933|
||0451001. (Elektrik Ücreti)|0.2665|
||0452101. (Doğal Gaz)|0.7196|
||0830009. (İnternet Ücreti)|37.009|
|03-Mart|0122101. (Su)|0.2956|
||0451001. (Elektrik Ücreti)|0.2665|
||0452101. (Doğal Gaz)|0.7218|
||0830009. (İnternet Ücreti)|37.009|
|04-Nisan|0122101. (Su)|0.2971|
||0451001. (Elektrik Ücreti)|0.2648|
||0452101. (Doğal Gaz)|0.7231|
||0830009. (İnternet Ücreti)|37.009|
|05-Mayıs|0122101. (Su)|0.2994|
||0451001. (Elektrik Ücreti)|0.2648|
||0452101. (Doğal Gaz)|0.7231|
||0830009. (İnternet Ücreti)|37.009|
|06-Haziran|0122101. (Su)|0.3021|
||0451001. (Elektrik Ücreti)|0.2648|
||0452101. (Doğal Gaz)|0.7236|
||0830009. (İnternet Ücreti)|37.009|
|07-Temmuz|0122101. (Su)|0.3026|
||0451001. (Elektrik Ücreti)|0.2647|
||0452101. (Doğal Gaz)|0.7245|
||0830009. (İnternet Ücreti)|37.009|
|08-Ağustos|0122101. (Su)|0.3027|
||0451001. (Elektrik Ücreti)|0.2647|
||0452101. (Doğal Gaz)|0.7252|
||0830009. (İnternet Ücreti)|37.009|
|09-Eylül|0122101. (Su)|0.3024|
||0451001. (Elektrik Ücreti)|0.2647|
||0452101. (Doğal Gaz)|0.7267|
||0830009. (İnternet Ücreti)|37.009|
|10-Ekim|0122101. (Su)|0.3051|
||0451001. (Elektrik Ücreti)|0.2958|
||0452101. (Doğal Gaz)|0.8185|
||0830009. (İnternet Ücreti)|37.009|
|11-Kasım|0122101. (Su)|0.3075|
||0451001. (Elektrik Ücreti)|0.2958|
||0452101. (Doğal Gaz)|0.8209|
||0830009. (İnternet Ücreti)|37.009|
|12-Aralık|0122101. (Su)|0.3082|
||0451001. (Elektrik Ücreti)|0.2958|
||0452101. (Doğal Gaz)|0.8212|
||0830009. (İnternet Ücreti)|37.009|
2012|01-Ocak|0122101. (Su)|0.3453|
||0451001. (Elektrik Ücreti)|0.2976|
||0452101. (Doğal Gaz)|0.8232|
||0830009. (İnternet Ücreti)|37.5724|
|02-Şubat|0122101. (Su)|0.3474|
||0451001. (Elektrik Ücreti)|0.2976|
||0452101. (Doğal Gaz)|0.8244|
||0830009. (İnternet Ücreti)|37.5724|
|03-Mart|0122101. (Su)|0.3497|
||0451001. (Elektrik Ücreti)|0.2976|
||0452101. (Doğal Gaz)|0.823|
||0830009. (İnternet Ücreti)|37.5724|
|04-Nisan|0122101. (Su)|0.3537|
||0451001. (Elektrik Ücreti)|0.3252|
||0452101. (Doğal Gaz)|0.9602|
||0830009. (İnternet Ücreti)|37.8329|
|05-Mayıs|0122101. (Su)|0.355|
||0451001. (Elektrik Ücreti)|0.3252|
||0452101. (Doğal Gaz)|0.9608|
||0830009. (İnternet Ücreti)|37.8329|
|06-Haziran|0122101. (Su)|0.3545|
||0451001. (Elektrik Ücreti)|0.3252|
||0452101. (Doğal Gaz)|0.9607|
||0830009. (İnternet Ücreti)|37.8329|
|07-Temmuz|0122101. (Su)|0.3541|
||0451001. (Elektrik Ücreti)|0.3252|
||0452101. (Doğal Gaz)|0.962|
||0830009. (İnternet Ücreti)|37.8329|
|08-Ağustos|0122101. (Su)|0.3564|
||0451001. (Elektrik Ücreti)|0.3252|
||0452101. (Doğal Gaz)|0.9604|
||0830009. (İnternet Ücreti)|37.8329|
|09-Eylül|0122101. (Su)|0.3597|
||0451001. (Elektrik Ücreti)|0.3252|
||0452101. (Doğal Gaz)|0.9601|
||0830009. (İnternet Ücreti)|37.8329|
|10-Ekim|0122101. (Su)|0.3634|
||0451001. (Elektrik Ücreti)|0.357|
||0452101. (Doğal Gaz)|1.0546|
||0830009. (İnternet Ücreti)|37.8329|
|11-Kasım|0122101. (Su)|0.3657|
||0451001. (Elektrik Ücreti)|0.357|
||0452101. (Doğal Gaz)|1.0555|
||0830009. (İnternet Ücreti)|37.8329|
|12-Aralık|0122101. (Su)|0.3667|
||0451001. (Elektrik Ücreti)|0.357|
||0452101. (Doğal Gaz)|1.0557|
||0830009. (İnternet Ücreti)|40.1971|
2013|01-Ocak|0122101. (Su)|0.3839|
||0451001. (Elektrik Ücreti)|0.357|
||0452101. (Doğal Gaz)|1.0574|
||0830009. (İnternet Ücreti)|58.5834|
|02-Şubat|0122101. (Su)|0.3865|
||0451001. (Elektrik Ücreti)|0.357|
||0452101. (Doğal Gaz)|1.0573|
||0830009. (İnternet Ücreti)|58.5834|
|03-Mart|0122101. (Su)|0.3915|
||0451001. (Elektrik Ücreti)|0.357|
||0452101. (Doğal Gaz)|1.0578|
||0830009. (İnternet Ücreti)|58.5834|
|04-Nisan|0122101. (Su)|0.3942|
||0451001. (Elektrik Ücreti)|0.3587|
||0452101. (Doğal Gaz)|1.0585|
||0830009. (İnternet Ücreti)|58.5834|
|05-Mayıs|0122101. (Su)|0.3956|
||0451001. (Elektrik Ücreti)|0.3588|
||0452101. (Doğal Gaz)|1.0592|
||0830009. (İnternet Ücreti)|58.5834|
|06-Haziran|0122101. (Su)|0.3977|
||0451001. (Elektrik Ücreti)|0.3587|
||0452101. (Doğal Gaz)|1.0601|
||0830009. (İnternet Ücreti)|58.5834|
|07-Temmuz|0122101. (Su)|0.3977|
||0451001. (Elektrik Ücreti)|0.3585|
||0452101. (Doğal Gaz)|1.062|
||0830009. (İnternet Ücreti)|58.5834|
|08-Ağustos|0122101. (Su)|0.3988|
||0451001. (Elektrik Ücreti)|0.3585|
||0452101. (Doğal Gaz)|1.0661|
||0830009. (İnternet Ücreti)|58.5834|
|09-Eylül|0122101. (Su)|0.3976|
||0451001. (Elektrik Ücreti)|0.3585|
||0452101. (Doğal Gaz)|1.0669|
||0830009. (İnternet Ücreti)|58.5834|
|10-Ekim|0122101. (Su)|0.4011|
||0451001. (Elektrik Ücreti)|0.3585|
||0452101. (Doğal Gaz)|1.0684|
||0830009. (İnternet Ücreti)|58.5834|
|11-Kasım|0122101. (Su)|0.4022|
||0451001. (Elektrik Ücreti)|0.3585|
||0452101. (Doğal Gaz)|1.0687|
||0830009. (İnternet Ücreti)|58.5834|
|12-Aralık|0122101. (Su)|0.403|
||0451001. (Elektrik Ücreti)|0.3585|
||0452101. (Doğal Gaz)|1.0696|
||0830009. (İnternet Ücreti)|58.5834|
2014|01-Ocak|0122101. (Su)|0.4205|
||0451001. (Elektrik Ücreti)|0.3577|
||0452101. (Doğal Gaz)|1.0703|
||0830009. (İnternet Ücreti)|68.7486|
|02-Şubat|0122101. (Su)|0.4286|
||0451001. (Elektrik Ücreti)|0.3577|
||0452101. (Doğal Gaz)|1.0733|
||0830009. (İnternet Ücreti)|68.7486|
|03-Mart|0122101. (Su)|0.435|
||0451001. (Elektrik Ücreti)|0.3577|
||0452101. (Doğal Gaz)|1.0779|
||0830009. (İnternet Ücreti)|68.7486|
|04-Nisan|0122101. (Su)|0.4379|
||0451001. (Elektrik Ücreti)|0.3588|
||0452101. (Doğal Gaz)|1.0785|
||0830009. (İnternet Ücreti)|68.7486|
|05-Mayıs|0122101. (Su)|0.438|
||0451001. (Elektrik Ücreti)|0.3588|
||0452101. (Doğal Gaz)|1.0784|
||0830009. (İnternet Ücreti)|68.7486|
|06-Haziran|0122101. (Su)|0.441|
||0451001. (Elektrik Ücreti)|0.3588|
||0452101. (Doğal Gaz)|1.0777|
||0830009. (İnternet Ücreti)|68.7486|
|07-Temmuz|0122101. (Su)|0.442|
||0451001. (Elektrik Ücreti)|0.3589|
||0452101. (Doğal Gaz)|1.0772|
||0830009. (İnternet Ücreti)|68.7486|
|08-Ağustos|0122101. (Su)|0.4445|
||0451001. (Elektrik Ücreti)|0.3589|
||0452101. (Doğal Gaz)|1.0776|
||0830009. (İnternet Ücreti)|68.7486|
|09-Eylül|0122101. (Su)|0.448|
||0451001. (Elektrik Ücreti)|0.3589|
||0452101. (Doğal Gaz)|1.0784|
||0830009. (İnternet Ücreti)|68.7486|
|10-Ekim|0122101. (Su)|0.4478|
||0451001. (Elektrik Ücreti)|0.3913|
||0452101. (Doğal Gaz)|1.1639|
||0830009. (İnternet Ücreti)|68.7486|
|11-Kasım|0122101. (Su)|0.4493|
||0451001. (Elektrik Ücreti)|0.3913|
||0452101. (Doğal Gaz)|1.1663|
||0830009. (İnternet Ücreti)|68.7486|
|12-Aralık|0122101. (Su)|0.4513|
||0451001. (Elektrik Ücreti)|0.3913|
||0452101. (Doğal Gaz)|1.167|
||0830009. (İnternet Ücreti)|68.7486|
2015|01-Ocak|0122101. (Su)|0.4696|
||0451001. (Elektrik Ücreti)|0.3907|
||0452101. (Doğal Gaz)|1.1689|
||0830009. (İnternet Ücreti)|75.0485|
|02-Şubat|0122101. (Su)|0.4742|
||0451001. (Elektrik Ücreti)|0.3907|
||0452101. (Doğal Gaz)|1.1696|
||0830009. (İnternet Ücreti)|75.0485|
|03-Mart|0122101. (Su)|0.4799|
||0451001. (Elektrik Ücreti)|0.3907|
||0452101. (Doğal Gaz)|1.1717|
||0830009. (İnternet Ücreti)|75.0485|
|04-Nisan|0122101. (Su)|0.4855|
||0451001. (Elektrik Ücreti)|0.3904|
||0452101. (Doğal Gaz)|1.1752|
||0830009. (İnternet Ücreti)|75.0485|
|05-Mayıs|0122101. (Su)|0.488|
||0451001. (Elektrik Ücreti)|0.3904|
||0452101. (Doğal Gaz)|1.1773|
||0830009. (İnternet Ücreti)|75.0485|
|06-Haziran|0122101. (Su)|0.4916|
||0451001. (Elektrik Ücreti)|0.3904|
||0452101. (Doğal Gaz)|1.183|
||0830009. (İnternet Ücreti)|75.0485|
|07-Temmuz|0122101. (Su)|0.4898|
||0451001. (Elektrik Ücreti)|0.3906|
||0452101. (Doğal Gaz)|1.1876|
||0830009. (İnternet Ücreti)|75.0485|
|08-Ağustos|0122101. (Su)|0.4933|
||0451001. (Elektrik Ücreti)|0.3906|
||0452101. (Doğal Gaz)|1.1879|
||0830009. (İnternet Ücreti)|75.0485|
|09-Eylül|0122101. (Su)|0.495|
||0451001. (Elektrik Ücreti)|0.3906|
||0452101. (Doğal Gaz)|1.1895|
||0830009. (İnternet Ücreti)|75.0485|
|10-Ekim|0122101. (Su)|0.4995|
||0451001. (Elektrik Ücreti)|0.3903|
||0452101. (Doğal Gaz)|1.194|
||0830009. (İnternet Ücreti)|75.4412|
|11-Kasım|0122101. (Su)|0.4978|
||0451001. (Elektrik Ücreti)|0.3903|
||0452101. (Doğal Gaz)|1.1959|
||0830009. (İnternet Ücreti)|75.4412|
|12-Aralık|0122101. (Su)|0.5003|
||0451001. (Elektrik Ücreti)|0.3903|
||0452101. (Doğal Gaz)|1.1947|
||0830009. (İnternet Ücreti)|75.4412|
2016|01-Ocak|0122101. (Su)|0.5182|
||0451001. (Elektrik Ücreti)|0.4117|
||0452101. (Doğal Gaz)|1.1936|
||0830009. (İnternet Ücreti)|76.0468|
|02-Şubat|0122101. (Su)|0.5165|
||0451001. (Elektrik Ücreti)|0.4117|
||0452101. (Doğal Gaz)|1.1944|
||0830009. (İnternet Ücreti)|76.0468|
|03-Mart|0122101. (Su)|0.5192|
||0451001. (Elektrik Ücreti)|0.4117|
||0452101. (Doğal Gaz)|1.1955|
||0830009. (İnternet Ücreti)|76.0468|
|04-Nisan|0122101. (Su)|0.5255|
||0451001. (Elektrik Ücreti)|0.4123|
||0452101. (Doğal Gaz)|1.1949|
||0830009. (İnternet Ücreti)|76.0468|
|05-Mayıs|0122101. (Su)|0.5312|
||0451001. (Elektrik Ücreti)|0.4123|
||0452101. (Doğal Gaz)|1.1945|
||0830009. (İnternet Ücreti)|76.0468|
|06-Haziran|0122101. (Su)|0.5316|
||0451001. (Elektrik Ücreti)|0.4123|
||0452101. (Doğal Gaz)|1.1956|
||0830009. (İnternet Ücreti)|76.0468|
|07-Temmuz|0122101. (Su)|0.5362|
||0451001. (Elektrik Ücreti)|0.4124|
||0452101. (Doğal Gaz)|1.1995|
||0830009. (İnternet Ücreti)|81.7459|
|08-Ağustos|0122101. (Su)|0.538|
||0451001. (Elektrik Ücreti)|0.4124|
||0452101. (Doğal Gaz)|1.1995|
||0830009. (İnternet Ücreti)|81.7459|
|09-Eylül|0122101. (Su)|0.5405|
||0451001. (Elektrik Ücreti)|0.4124|
||0452101. (Doğal Gaz)|1.2012|
||0830009. (İnternet Ücreti)|81.7459|
|10-Ekim|0122101. (Su)|0.5428|
||0451001. (Elektrik Ücreti)|0.4124|
||0452101. (Doğal Gaz)|1.1005|
||0830009. (İnternet Ücreti)|81.7459|
|11-Kasım|0122101. (Su)|0.5495|
||0451001. (Elektrik Ücreti)|0.4124|
||0452101. (Doğal Gaz)|1.102|
||0830009. (İnternet Ücreti)|81.7459|
|12-Aralık|0122101. (Su)|0.5521|
||0451001. (Elektrik Ücreti)|0.4124|
||0452101. (Doğal Gaz)|1.1049|
||0830009. (İnternet Ücreti)|81.7459|
2017|01-Ocak|0122101. (Su)|0.5726|
||0451001. (Elektrik Ücreti)|0.4118|
||0452101. (Doğal Gaz)|1.1121|
||0830009. (İnternet Ücreti)|54.1051|
|02-Şubat|0122101. (Su)|0.5797|
||0451001. (Elektrik Ücreti)|0.4118|
||0452101. (Doğal Gaz)|1.1188|
||0830009. (İnternet Ücreti)|54.1051|
|03-Mart|0122101. (Su)|0.5924|
||0451001. (Elektrik Ücreti)|0.4118|
||0452101. (Doğal Gaz)|1.1264|
||0830009. (İnternet Ücreti)|54.1051|
|04-Nisan|0122101. (Su)|0.6096|
||0451001. (Elektrik Ücreti)|0.4118|
||0452101. (Doğal Gaz)|1.1269|
||0830009. (İnternet Ücreti)|54.1051|
|05-Mayıs|0122101. (Su)|0.6124|
||0451001. (Elektrik Ücreti)|0.4118|
||0452101. (Doğal Gaz)|1.1282|
||0830009. (İnternet Ücreti)|54.1051|
|06-Haziran|0122101. (Su)|0.6162|
||0451001. (Elektrik Ücreti)|0.4118|
||0452101. (Doğal Gaz)|1.1281|
||0830009. (İnternet Ücreti)|54.1051|
|07-Temmuz|0122101. (Su)|0.6192|
||0451001. (Elektrik Ücreti)|0.4118|
||0452101. (Doğal Gaz)|1.1283|
||0830009. (İnternet Ücreti)|54.1051|
|08-Ağustos|0122101. (Su)|0.6211|
||0451001. (Elektrik Ücreti)|0.4118|
||0452101. (Doğal Gaz)|1.1284|
||0830009. (İnternet Ücreti)|54.1051|
|09-Eylül|0122101. (Su)|0.6225|
||0451001. (Elektrik Ücreti)|0.4118|
||0452101. (Doğal Gaz)|1.1293|
||0830009. (İnternet Ücreti)|54.1051|
|10-Ekim|0122101. (Su)|0.6242|
||0451001. (Elektrik Ücreti)|0.412|
||0452101. (Doğal Gaz)|1.1314|
||0830009. (İnternet Ücreti)|54.1051|
|11-Kasım|0122101. (Su)|0.6256|
||0451001. (Elektrik Ücreti)|0.412|
||0452101. (Doğal Gaz)|1.1362|
||0830009. (İnternet Ücreti)|54.1051|
|12-Aralık|0122101. (Su)|0.6257|
||0451001. (Elektrik Ücreti)|0.412|
||0452101. (Doğal Gaz)|1.1438|
||0830009. (İnternet Ücreti)|54.1051|
2018|01-Ocak|0122101. (Su)|0.6399|
||0451001. (Elektrik Ücreti)|0.4482|
||0452101. (Doğal Gaz)|1.1482|
||0830009. (İnternet Ücreti)|47.8751|
|02-Şubat|0122101. (Su)|0.6567|
||0451001. (Elektrik Ücreti)|0.4482|
||0452101. (Doğal Gaz)|1.1483|
||0830009. (İnternet Ücreti)|47.8751|
|03-Mart|0122101. (Su)|0.6658|
||0451001. (Elektrik Ücreti)|0.4482|
||0452101. (Doğal Gaz)|1.1495|
||0830009. (İnternet Ücreti)|47.8751|
|04-Nisan|0122101. (Su)|0.6701|
||0451001. (Elektrik Ücreti)|0.4612|
||0452101. (Doğal Gaz)|1.1537|
||0830009. (İnternet Ücreti)|47.8751|
|05-Mayıs|0122101. (Su)|0.6791|
||0451001. (Elektrik Ücreti)|0.4612|
||0452101. (Doğal Gaz)|1.1591|
||0830009. (İnternet Ücreti)|47.8751|
|06-Haziran|0122101. (Su)|0.6929|
||0451001. (Elektrik Ücreti)|0.4612|
||0452101. (Doğal Gaz)|1.1658|
||0830009. (İnternet Ücreti)|63.3241|
|07-Temmuz|0122101. (Su)|0.7138|
||0451001. (Elektrik Ücreti)|0.4612|
||0452101. (Doğal Gaz)|1.1786|
||0830009. (İnternet Ücreti)|65.2728|
|08-Ağustos|0122101. (Su)|0.726|
||0451001. (Elektrik Ücreti)|0.5027|
||0452101. (Doğal Gaz)|1.2664|
||0830009. (İnternet Ücreti)|65.2728|
|09-Eylül|0122101. (Su)|0.7637|
||0451001. (Elektrik Ücreti)|0.5479|
||0452101. (Doğal Gaz)|1.3671|
||0830009. (İnternet Ücreti)|65.2728|
|10-Ekim|0122101. (Su)|0.8178|
||0451001. (Elektrik Ücreti)|0.5972|
||0452101. (Doğal Gaz)|1.489|
||0830009. (İnternet Ücreti)|65.2728|
|11-Kasım|0122101. (Su)|0.8234|
||0451001. (Elektrik Ücreti)|0.5972|
||0452101. (Doğal Gaz)|1.5046|
||0830009. (İnternet Ücreti)|55.3841|
|12-Aralık|0122101. (Su)|0.8187|
||0451001. (Elektrik Ücreti)|0.5972|
||0452101. (Doğal Gaz)|1.4992|
||0830009. (İnternet Ücreti)|55.3841|
2019|01-Ocak|0122101. (Su)|0.7626|
||0451001. (Elektrik Ücreti)|0.5375|
||0452101. (Doğal Gaz)|1.3742|
||0830009. (İnternet Ücreti)|55.0434|
|02-Şubat|0122101. (Su)|0.7604|
||0451001. (Elektrik Ücreti)|0.5375|
||0452101. (Doğal Gaz)|1.3713|
||0830009. (İnternet Ücreti)|55.6648|
|03-Mart|0122101. (Su)|0.7603|
||0451001. (Elektrik Ücreti)|0.5375|
||0452101. (Doğal Gaz)|1.3711|
||0830009. (İnternet Ücreti)|55.9174|
|04-Nisan|0122101. (Su)|0.7611|
||0451001. (Elektrik Ücreti)|0.5375|
||0452101. (Doğal Gaz)|1.3732|
||0830009. (İnternet Ücreti)|55.7981|
|05-Mayıs|0122101. (Su)|0.7587|
||0451001. (Elektrik Ücreti)|0.5375|
||0452101. (Doğal Gaz)|1.38|
||0830009. (İnternet Ücreti)|56.3973|
|06-Haziran|0122101. (Su)|0.7791|
||0451001. (Elektrik Ücreti)|0.5375|
||0452101. (Doğal Gaz)|1.3924|
||0830009. (İnternet Ücreti)|57.281|
|07-Temmuz|0122101. (Su)|0.8097|
||0451001. (Elektrik Ücreti)|0.6181|
||0452101. (Doğal Gaz)|1.3968|
||0830009. (İnternet Ücreti)|56.9151|
|08-Ağustos|0122101. (Su)|0.8122|
||0451001. (Elektrik Ücreti)|0.6181|
||0452101. (Doğal Gaz)|1.6013|
||0830009. (İnternet Ücreti)|57.3943|
|09-Eylül|0122101. (Su)|0.8121|
||0451001. (Elektrik Ücreti)|0.6181|
||0452101. (Doğal Gaz)|1.8242|
||0830009. (İnternet Ücreti)|57.8226|
|10-Ekim|0122101. (Su)|0.8094|
||0451001. (Elektrik Ücreti)|0.7102|
||0452101. (Doğal Gaz)|1.8262|
||0830009. (İnternet Ücreti)|58.4221|
|11-Kasım|0122101. (Su)|0.81|
||0451001. (Elektrik Ücreti)|0.7102|
||0452101. (Doğal Gaz)|1.8273|
||0830009. (İnternet Ücreti)|58.844|
|12-Aralık|0122101. (Su)|0.807|
||0451001. (Elektrik Ücreti)|0.7102|
||0452101. (Doğal Gaz)|1.8289|
||0830009. (İnternet Ücreti)|59.2039|
2020|01-Ocak|0122101. (Su)|0.846|
||0451001. (Elektrik Ücreti)|0.7102|
||0452101. (Doğal Gaz)|1.829|
||0830009. (İnternet Ücreti)|58.8981|
|02-Şubat|0122101. (Su)|0.8485|
||0451001. (Elektrik Ücreti)|0.7102|
||0452101. (Doğal Gaz)|1.8331|
||0830009. (İnternet Ücreti)|59.4834|
|03-Mart|0122101. (Su)|0.8587|
||0451001. (Elektrik Ücreti)|0.7102|
||0452101. (Doğal Gaz)|1.8381|
||0830009. (İnternet Ücreti)|59.7204|
|04-Nisan|0122101. (Su)|0.8853|
||0451001. (Elektrik Ücreti)|0.7102|
||0452101. (Doğal Gaz)|1.8423|
||0830009. (İnternet Ücreti)|60.3592|
|05-Mayıs|0122101. (Su)|0.8877|
||0451001. (Elektrik Ücreti)|0.7102|
||0452101. (Doğal Gaz)|1.8514|
||0830009. (İnternet Ücreti)|61.0592|
|06-Haziran|0122101. (Su)|0.8825|
||0451001. (Elektrik Ücreti)|0.7102|
||0452101. (Doğal Gaz)|1.8597|
||0830009. (İnternet Ücreti)|61.4687|
|07-Temmuz|0122101. (Su)|0.8849|
||0451001. (Elektrik Ücreti)|0.7102|
||0452101. (Doğal Gaz)|1.8605|
||0830009. (İnternet Ücreti)|61.8042|
|08-Ağustos|0122101. (Su)|0.8909|
||0451001. (Elektrik Ücreti)|0.7102|
||0452101. (Doğal Gaz)|1.8644|
||0830009. (İnternet Ücreti)|62.3433|
|09-Eylül|0122101. (Su)|0.9046|
||0451001. (Elektrik Ücreti)|0.7102|
||0452101. (Doğal Gaz)|1.869|
||0830009. (İnternet Ücreti)|63.305|
|10-Ekim|0122101. (Su)|0.9138|
||0451001. (Elektrik Ücreti)|0.7511|
||0452101. (Doğal Gaz)|1.879|
||0830009. (İnternet Ücreti)|64.5152|
|11-Kasım|0122101. (Su)|0.9209|
||0451001. (Elektrik Ücreti)|0.7511|
||0452101. (Doğal Gaz)|1.8903|
||0830009. (İnternet Ücreti)|65.0576|
|12-Aralık|0122101. (Su)|0.9306|
||0451001. (Elektrik Ücreti)|0.7511|
||0452101. (Doğal Gaz)|1.9035|
||0830009. (İnternet Ücreti)|66.0217|
2021|01-Ocak|0122101. (Su)|0.9259|
||0451001. (Elektrik Ücreti)|0.7975|
||0452101. (Doğal Gaz)|1.9243|
||0830009. (İnternet Ücreti)|66.2986|
|02-Şubat|0122101. (Su)|0.9247|
||0451001. (Elektrik Ücreti)|0.7975|
||0452101. (Doğal Gaz)|1.9396|
||0830009. (İnternet Ücreti)|67.2231|
|03-Mart|0122101. (Su)|0.931|
||0451001. (Elektrik Ücreti)|0.7975|
||0452101. (Doğal Gaz)|1.9577|
||0830009. (İnternet Ücreti)|67.8572|
|04-Nisan|0122101. (Su)|0.9779|
||0451001. (Elektrik Ücreti)|0.7975|
||0452101. (Doğal Gaz)|1.9791|
||0830009. (İnternet Ücreti)|68.5443|
|05-Mayıs|0122101. (Su)|0.9939|
||0451001. (Elektrik Ücreti)|0.7975|
||0452101. (Doğal Gaz)|2.0061|
||0830009. (İnternet Ücreti)|69.1365|
|06-Haziran|0122101. (Su)|1.0028|
||0451001. (Elektrik Ücreti)|0.7975|
||0452101. (Doğal Gaz)|2.0174|
||0830009. (İnternet Ücreti)|70.2197|
|07-Temmuz|0122101. (Su)|1.0162|
||0451001. (Elektrik Ücreti)|0.9172|
||0452101. (Doğal Gaz)|2.216|
||0830009. (İnternet Ücreti)|71.385|
|08-Ağustos|0122101. (Su)|1.0306|
||0451001. (Elektrik Ücreti)|0.9172|
||0452101. (Doğal Gaz)|2.2298|
||0830009. (İnternet Ücreti)|71.7263|
|09-Eylül|0122101. (Su)|1.0656|
||0451001. (Elektrik Ücreti)|0.9172|
||0452101. (Doğal Gaz)|2.2396|
||0830009. (İnternet Ücreti)|73.1729|
|10-Ekim|0122101. (Su)|1.0749|
||0451001. (Elektrik Ücreti)|0.9172|
||0452101. (Doğal Gaz)|2.2495|
||0830009. (İnternet Ücreti)|73.7116|
|11-Kasım|0122101. (Su)|1.1078|
||0451001. (Elektrik Ücreti)|0.9172|
||0452101. (Doğal Gaz)|2.2563|
||0830009. (İnternet Ücreti)|74.596|
|12-Aralık|0122101. (Su)|1.2452|
||0451001. (Elektrik Ücreti)|0.9172|
||0452101. (Doğal Gaz)|2.2757|
||0830009. (İnternet Ücreti)|75.3537|
2022|01-Ocak|0122101. (Su)|1.2838|
||0451001. (Elektrik Ücreti)|1.5562|
||0452101. (Doğal Gaz)|2.7515|
||0830009. (İnternet Ücreti)|76.27|
|02-Şubat|0122101. (Su)|1.4107|
||0451001. (Elektrik Ücreti)|1.4809|
||0452101. (Doğal Gaz)|2.8411|
||0830009. (İnternet Ücreti)|77.5432|
|03-Mart|0122101. (Su)|1.5264|
||0451001. (Elektrik Ücreti)|1.3372|
||0452101. (Doğal Gaz)|2.9071|
||0830009. (İnternet Ücreti)|79.0905|
|04-Nisan|0122101. (Su)|1.733|
||0451001. (Elektrik Ücreti)|1.3372|
||0452101. (Doğal Gaz)|3.7188|
||0830009. (İnternet Ücreti)|81.5053|
||||
